source,target,status
https://taleventry.com/archive/10-drama-movies-from-the-1990s-that-have-to-be-on-your-watchlist,https://rewindzone.com/10-drama-movies-from-the-1990s-that-have-to-be-on-your-watchlist/,301
https://taleventry.com/archive/10-essential-movies-from-1981,https://rewindzone.com/10-essential-movies-from-1981/,301
https://taleventry.com/archive/15-best-dog-movies-the-perfect-family-viewing,https://rewindzone.com/15-best-dog-movies-the-perfect-family-viewing/,301
https://taleventry.com/archive/15-somewhat-forgotten-movies-from-the-past-we-shouldnt-forget-about,https://rewindzone.com/15-somewhat-forgotten-movies-from-the-past-we-shouldnt-forget-about/,301
https://taleventry.com/archive/1980s-hidden-gem-movies-30-underrated-classics,https://rewindzone.com/1980s-hidden-gem-movies-30-underrated-classics/,301
https://taleventry.com/archive/1991s-shattered-cast-then-and-now-revealed,https://rewindzone.com/1991s-shattered-cast-then-and-now-revealed/,301
https://taleventry.com/archive/30-best-unconventional-christmas-movies,https://rewindzone.com/30-best-unconventional-christmas-movies/,301
https://taleventry.com/archive/30-famous-movies-from-the-1990s-that-were-actually-box-office-bombs,https://rewindzone.com/30-famous-movies-from-the-1990s-that-were-actually-box-office-bombs/,301
https://taleventry.com/archive/30-timeless-films-from-the-80s-and-90s-to-watch-with-your-kids,https://rewindzone.com/30-timeless-films-from-the-80s-and-90s-to-watch-with-your-kids/,301
https://taleventry.com/archive/5-of-the-80s-best-thrillers-worth-re-watching,https://rewindzone.com/5-of-the-80s-best-thrillers-worth-re-watching/,301
https://taleventry.com/archive/5-weird-films-of-the-1990s-that-may-have-found-an-audience-in-2024,https://rewindzone.com/5-weird-films-of-the-1990s-that-may-have-found-an-audience-in-2024/,301
https://taleventry.com/archive/50-best-action-movies-from-the-1990s,https://rewindzone.com/50-best-action-movies-from-the-1990s/,301
https://taleventry.com/archive/50-essential-film-club-movies-for-students,https://rewindzone.com/50-essential-film-club-movies-for-students/,301
https://taleventry.com/archive/80s-movies-that-have-not-aged-well-why-time-has-not-been-kind,https://rewindzone.com/80s-movies-that-have-not-aged-well-why-time-has-not-been-kind/,301
https://taleventry.com/archive/90s-cyberpunk-movies-matrix-blueprint,https://rewindzone.com/90s-cyberpunk-movies-matrix-blueprint/,301
https://taleventry.com/archive/90s-overlooked-movies-part-2,https://rewindzone.com/90s-overlooked-movies-part-2/,301
https://taleventry.com/archive/90s-overlooked-movies-part-3,https://rewindzone.com/90s-overlooked-movies-part-3/,301
https://taleventry.com/archive/a-time-to-kill-cast-then-and-now-a-journey-through-time,https://rewindzone.com/a-time-to-kill-cast-then-and-now-a-journey-through-time/,301
https://taleventry.com/archive/afis-top-10-movies-in-10-classic-film-genres,https://rewindzone.com/afis-top-10-movies-in-10-classic-film-genres/,301
https://taleventry.com/archive/alexander-paynes-best-movies-ranked,https://rewindzone.com/alexander-paynes-best-movies-ranked/,301
https://taleventry.com/archive/alien-3-finchers-divisive-debut-in-sci-fi-horror,https://rewindzone.com/alien-3-finchers-divisive-debut-in-sci-fi-horror/,301
https://taleventry.com/archive/amazing-90s-movies-lost-to-time,https://rewindzone.com/amazing-90s-movies-lost-to-time/,301
https://taleventry.com/archive/amazing-film-facts-little-big-man-1970,https://rewindzone.com/amazing-film-facts-little-big-man-1970/,301
https://taleventry.com/archive/an-ode-to-unforgiven,https://rewindzone.com/an-ode-to-unforgiven/,301
https://taleventry.com/archive/anti-government-films-1960s-1990s,https://rewindzone.com/anti-government-films-1960s-1990s/,301
https://taleventry.com/archive/apocalypse-now-1979-cast-then-vs-now,https://rewindzone.com/apocalypse-now-1979-cast-then-vs-now/,301
https://taleventry.com/archive/atom-egoyans-top-10-movies-a-cinematic-journey,https://rewindzone.com/atom-egoyans-top-10-movies-a-cinematic-journey/,301
https://taleventry.com/archive/back-to-the-future-the-cultural-phenomenon,https://rewindzone.com/back-to-the-future-the-cultural-phenomenon/,301
https://taleventry.com/archive/backdraft-1991-film-review,https://rewindzone.com/backdraft-1991-film-review/,301
https://taleventry.com/archive/beetlejuice-a-classic-horror-comedy-that-still-delights,https://rewindzone.com/beetlejuice-a-classic-horror-comedy-that-still-delights/,301
https://taleventry.com/archive/best-80s-and-90s-family-movies-part-4,https://rewindzone.com/best-80s-and-90s-family-movies-part-4/,301
https://taleventry.com/archive/best-80s-sword-and-sorcery-films,https://rewindzone.com/best-80s-sword-and-sorcery-films/,301
https://taleventry.com/archive/best-90s-movies-plex-july-2025,https://rewindzone.com/best-90s-movies-plex-july-2025/,301
https://taleventry.com/archive/best-family-friendly-sports-movies,https://rewindzone.com/best-family-friendly-sports-movies/,301
https://taleventry.com/archive/best-film-revisits-2025,https://rewindzone.com/best-film-revisits-2025/,301
https://taleventry.com/archive/best-free-films-plex-streaming-october-2025,https://rewindzone.com/best-free-films-plex-streaming-october-2025/,301
https://taleventry.com/archive/best-free-movies-on-pluto-tv,https://rewindzone.com/best-free-movies-on-pluto-tv/,301
https://taleventry.com/archive/best-free-movies-on-pluto-tv-august-september-2023,https://rewindzone.com/best-free-movies-on-pluto-tv-august-september-2023/,301
https://taleventry.com/archive/best-movies-of-robert-forster-ranked,https://rewindzone.com/best-movies-of-robert-forster-ranked/,301
https://taleventry.com/archive/best-movies-through-the-90s,https://rewindzone.com/best-movies-through-the-90s/,301
https://taleventry.com/archive/best-post-or-apocalyptic-films-of-the-21st-century-so-far,https://rewindzone.com/best-post-or-apocalyptic-films-of-the-21st-century-so-far/,301
https://taleventry.com/archive/best-psychological-thrillers-1990s-complete-list,https://rewindzone.com/best-psychological-thrillers-1990s-complete-list/,301
https://taleventry.com/archive/best-sharon-stone-movies-ranked,https://rewindzone.com/best-sharon-stone-movies-ranked/,301
https://taleventry.com/archive/best-thriller-movies-of-the-21st-century-masterpieces-ranked,https://rewindzone.com/best-thriller-movies-of-the-21st-century-masterpieces-ranked/,301
https://taleventry.com/archive/best-tv-shows-of-the-21st-century-a-personal-journey-of-reflection,https://rewindzone.com/best-tv-shows-of-the-21st-century-a-personal-journey-of-reflection/,301
https://taleventry.com/archive/between-swastika-boxing-glove-power-of-one,https://rewindzone.com/between-swastika-boxing-glove-power-of-one/,301
https://taleventry.com/archive/big-trouble-in-little-china-cast-then-and-now-1986-2026,https://rewindzone.com/big-trouble-in-little-china-cast-then-and-now-1986-2026/,301
https://taleventry.com/archive/big-wednesday-cast-then-and-now,https://rewindzone.com/big-wednesday-cast-then-and-now/,301
https://taleventry.com/archive/bill-paxton-best-films,https://rewindzone.com/bill-paxton-best-films/,301
https://taleventry.com/archive/blade-blood-rave-norrington-cut-scene,https://rewindzone.com/blade-blood-rave-norrington-cut-scene/,301
https://taleventry.com/archive/brad-dourif-top-10-movies,https://rewindzone.com/brad-dourif-top-10-movies/,301
https://taleventry.com/archive/brad-renfro-essential-films-ranked,https://rewindzone.com/brad-renfro-essential-films-ranked/,301
https://taleventry.com/archive/brainscan-30-years-later,https://rewindzone.com/brainscan-30-years-later/,301
https://taleventry.com/archive/breaking-away-1979-cast-then-and-now,https://rewindzone.com/breaking-away-1979-cast-then-and-now/,301
https://taleventry.com/archive/brigitte-nielsen-then-and-now-80s-amazon,https://rewindzone.com/brigitte-nielsen-then-and-now-80s-amazon/,301
https://taleventry.com/archive/bronco-billy-1980-cast-then-and-now,https://rewindzone.com/bronco-billy-1980-cast-then-and-now/,301
https://taleventry.com/archive/bronco-billy-1980-film-review,https://rewindzone.com/bronco-billy-1980-film-review/,301
https://taleventry.com/archive/bruce-dern-top-15-movies-ranked,https://rewindzone.com/bruce-dern-top-15-movies-ranked/,301
https://taleventry.com/archive/cant-hardly-wait-cast-then-and-now-where-are-they-today,https://rewindzone.com/cant-hardly-wait-cast-then-and-now-where-are-they-today/,301
https://taleventry.com/archive/cast-of-1973s-high-plains-drifter-cast-updated,https://rewindzone.com/cast-of-1973s-high-plains-drifter-cast-updated/,301
https://taleventry.com/archive/cast-of-cherry-2000-then-and-now,https://rewindzone.com/cast-of-cherry-2000-then-and-now/,301
https://taleventry.com/archive/cast-of-matewan-1987-then-and-now,https://rewindzone.com/cast-of-matewan-1987-then-and-now/,301
https://taleventry.com/archive/cast-of-maverick-1994-then-and-now,https://rewindzone.com/cast-of-maverick-1994-then-and-now/,301
https://taleventry.com/archive/cast-of-tender-mercies-then-and-now-in-2023,https://rewindzone.com/cast-of-tender-mercies-then-and-now-in-2023/,301
https://taleventry.com/archive/cast-of-the-paper-1994-then-and-now-30-years-later,https://rewindzone.com/cast-of-the-paper-1994-then-and-now-30-years-later/,301
https://taleventry.com/archive/cast-of-the-shootist-1976-then-and-now,https://rewindzone.com/cast-of-the-shootist-1976-then-and-now/,301
https://taleventry.com/archive/chers-top-10-movie-roles-that-will-make-you-fall-in-love-again,https://rewindzone.com/chers-top-10-movie-roles-that-will-make-you-fall-in-love-again/,301
https://taleventry.com/archive/christian-slater-actor-on-the-fringe,https://rewindzone.com/christian-slater-actor-on-the-fringe/,301
https://taleventry.com/archive/christmas-movie-scenes-emotional-wavelength,https://rewindzone.com/christmas-movie-scenes-emotional-wavelength/,301
https://taleventry.com/archive/christmas-vacation-cast-then-and-now,https://rewindzone.com/christmas-vacation-cast-then-and-now/,301
https://taleventry.com/archive/christopher-walkens-10-best-movies-ranked,https://rewindzone.com/christopher-walkens-10-best-movies-ranked/,301
https://taleventry.com/archive/classic-70s-films-revisited,https://rewindzone.com/classic-70s-films-revisited/,301
https://taleventry.com/archive/claudia-wells-back-to-future-inspiring-exit,https://rewindzone.com/claudia-wells-back-to-future-inspiring-exit/,301
https://taleventry.com/archive/clint-eastwood-the-director-what-the-figures-show-us,https://rewindzone.com/clint-eastwood-the-director-what-the-figures-show-us/,301
https://taleventry.com/archive/coen-brothers-movies-films-ranked-worst-to-best,https://rewindzone.com/coen-brothers-movies-films-ranked-worst-to-best/,301
https://taleventry.com/archive/complete-war-films-guide-modern-conflict,https://rewindzone.com/complete-war-films-guide-modern-conflict/,301
https://taleventry.com/archive/completely-free-movies-to-binge-on-plex-this-month,https://rewindzone.com/completely-free-movies-to-binge-on-plex-this-month/,301
https://taleventry.com/archive/comprehensive-analysis-of-donnie-darko-2001,https://rewindzone.com/comprehensive-analysis-of-donnie-darko-2001/,301
https://taleventry.com/archive/contact-1997-cast-then-and-now,https://rewindzone.com/contact-1997-cast-then-and-now/,301
https://taleventry.com/archive/corey-haim-top-10-best-movies-ranked,https://rewindzone.com/corey-haim-top-10-best-movies-ranked/,301
https://taleventry.com/archive/david-manning-fake-critic-sony-scandal-roger-ebert,https://rewindzone.com/david-manning-fake-critic-sony-scandal-roger-ebert/,301
https://taleventry.com/archive/days-of-heaven-deep-dive-review,https://rewindzone.com/days-of-heaven-deep-dive-review/,301
https://taleventry.com/archive/days-of-thunder-1990-cast-then-and-now,https://rewindzone.com/days-of-thunder-1990-cast-then-and-now/,301
https://taleventry.com/archive/dazed-and-confused-cast-then-and-now-where-are-they-today,https://rewindzone.com/dazed-and-confused-cast-then-and-now-where-are-they-today/,301
https://taleventry.com/archive/demi-moores-sublime-to-ridiculous-filmography-a-rollercoaster-ride-through-hollywood,https://rewindzone.com/demi-moores-sublime-to-ridiculous-filmography-a-rollercoaster-ride-through-hollywood/,301
https://taleventry.com/archive/directors-in-the-shadows-10-visionaries-behind-underrated-80s-films,https://rewindzone.com/directors-in-the-shadows-10-visionaries-behind-underrated-80s-films/,301
https://taleventry.com/archive/divisive-movies-that-split-critics-and-audiences-in-the-1990s,https://rewindzone.com/divisive-movies-that-split-critics-and-audiences-in-the-1990s/,301
https://taleventry.com/archive/eddie-and-the-cruisers-1983-cast-then-and-now,https://rewindzone.com/eddie-and-the-cruisers-1983-cast-then-and-now/,301
https://taleventry.com/archive/eddie-and-the-cruisers-1983-rediscover-the-classic-rock-film-in-2023,https://rewindzone.com/eddie-and-the-cruisers-1983-rediscover-the-classic-rock-film-in-2023/,301
https://taleventry.com/archive/eli-wallach-top-10-movies,https://rewindzone.com/eli-wallach-top-10-movies/,301
https://taleventry.com/archive/elliott-goulds-top-10-movies,https://rewindzone.com/elliott-goulds-top-10-movies/,301
https://taleventry.com/archive/essential-80s-movie-collection-to-introduce-to-your-teen,https://rewindzone.com/essential-80s-movie-collection-to-introduce-to-your-teen/,301
https://taleventry.com/archive/every-which-way-but-loose-1978-cast-then-and-now,https://rewindzone.com/every-which-way-but-loose-1978-cast-then-and-now/,301
https://taleventry.com/archive/every-which-way-but-loose-film-revisit,https://rewindzone.com/every-which-way-but-loose-film-revisit/,301
https://taleventry.com/archive/every-which-way-but-loose-soundtrack,https://rewindzone.com/every-which-way-but-loose-soundtrack/,301
https://taleventry.com/archive/extreme-prejudice-uncovered-where-are-the-badass-outlaws-and-gritty-lawmen-now,https://rewindzone.com/extreme-prejudice-uncovered-where-are-the-badass-outlaws-and-gritty-lawmen-now/,301
https://taleventry.com/archive/faqs-blu-ray-discs,https://rewindzone.com/faqs-blu-ray-discs/,301
https://taleventry.com/archive/film-review-i-shattered-1991,https://rewindzone.com/film-review-i-shattered-1991/,301
https://taleventry.com/archive/forgotten-1960s-thrillers-inspired-modern-cinema,https://rewindzone.com/forgotten-1960s-thrillers-inspired-modern-cinema/,301
https://taleventry.com/archive/forgotten-1970s-cult-horror-films-list,https://rewindzone.com/forgotten-1970s-cult-horror-films-list/,301
https://taleventry.com/archive/four-weddings-funeral-1994-cast-then-now,https://rewindzone.com/four-weddings-funeral-1994-cast-then-now/,301
https://taleventry.com/archive/frankenstein-1994-vs-2025-comparison,https://rewindzone.com/frankenstein-1994-vs-2025-comparison/,301
https://taleventry.com/archive/from-mermaids-to-assassins-daryl-hannahs-15-most-unforgettable-films,https://rewindzone.com/from-mermaids-to-assassins-daryl-hannahs-15-most-unforgettable-films/,301
https://taleventry.com/archive/generations-cinema-lost-soul,https://rewindzone.com/generations-cinema-lost-soul/,301
https://taleventry.com/archive/goin-south-1978-cast-update-then-and-now-45-years-later,https://rewindzone.com/goin-south-1978-cast-update-then-and-now-45-years-later/,301
https://taleventry.com/archive/good-will-hunting-1997-cast-then-and-now,https://rewindzone.com/good-will-hunting-1997-cast-then-and-now/,301
https://taleventry.com/archive/gus-van-sants-top-10,https://rewindzone.com/gus-van-sants-top-10/,301
https://taleventry.com/archive/hackers-cast-then-and-now,https://rewindzone.com/hackers-cast-then-and-now/,301
https://taleventry.com/archive/happy-feet-2006-the-animated-masterpiece-that-got-the-cold-shoulder,https://rewindzone.com/happy-feet-2006-the-animated-masterpiece-that-got-the-cold-shoulder/,301
https://taleventry.com/archive/harvey-keitels-top-10-films-a-gritty-journey-through-cinemas-underbelly,https://rewindzone.com/harvey-keitels-top-10-films-a-gritty-journey-through-cinemas-underbelly/,301
https://taleventry.com/archive/heartbreak-ridge-1986-cast-then-and-now,https://rewindzone.com/heartbreak-ridge-1986-cast-then-and-now/,301
https://taleventry.com/archive/heartbreak-ridge-movie-1986-unforgettable-war-masterpiece,https://rewindzone.com/heartbreak-ridge-movie-1986-unforgettable-war-masterpiece/,301
https://taleventry.com/archive/heavens-gate-1980-cast-where-are-they-now-2,https://rewindzone.com/heavens-gate-1980-cast-where-are-they-now-2/,301
https://taleventry.com/archive/helen-hunts-best-movies,https://rewindzone.com/helen-hunts-best-movies/,301
https://taleventry.com/archive/hidden-masterpieces-20-underrated-1960s-cinema-gems,https://rewindzone.com/hidden-masterpieces-20-underrated-1960s-cinema-gems/,301
https://taleventry.com/archive/hollywoods-great-transformation-the-book-adaptation-boom,https://rewindzone.com/hollywoods-great-transformation-the-book-adaptation-boom/,301
https://taleventry.com/archive/hottest-actresses-from-the-80s-what-they-look-like-now,https://rewindzone.com/hottest-actresses-from-the-80s-what-they-look-like-now/,301
https://taleventry.com/archive/hottest-actresses-from-the-90s-what-they-look-like-now,https://rewindzone.com/hottest-actresses-from-the-90s-what-they-look-like-now/,301
https://taleventry.com/archive/i-watched-dad-1989-in-2026-how-does-it-hold-up,https://rewindzone.com/i-watched-dad-1989-in-2026-how-does-it-hold-up/,301
https://taleventry.com/archive/iconic-characters-tuco-ramirez-the-ugly,https://rewindzone.com/iconic-characters-tuco-ramirez-the-ugly/,301
https://taleventry.com/archive/iconic-female-performances-in-80s-movies,https://rewindzone.com/iconic-female-performances-in-80s-movies/,301
https://taleventry.com/archive/iconic-movie-monologues-timeless-performances-across-the-decades,https://rewindzone.com/iconic-movie-monologues-timeless-performances-across-the-decades/,301
https://taleventry.com/archive/in-the-line-of-fire-1993-where-are-they-now,https://rewindzone.com/in-the-line-of-fire-1993-where-are-they-now/,301
https://taleventry.com/archive/interview-with-director-stephen-norrington,https://rewindzone.com/interview-with-director-stephen-norrington/,301
https://taleventry.com/archive/jack-nicholsons-best-lesser-known-roles-underrated-performances,https://rewindzone.com/jack-nicholsons-best-lesser-known-roles-underrated-performances/,301
https://taleventry.com/archive/james-spader-best-80s-90s-performances,https://rewindzone.com/james-spader-best-80s-90s-performances/,301
https://taleventry.com/archive/jeff-goldblums-top-15-films-ranked,https://rewindzone.com/jeff-goldblums-top-15-films-ranked/,301
https://taleventry.com/archive/jennifer-connellys-top-20-films,https://rewindzone.com/jennifer-connellys-top-20-films/,301
https://taleventry.com/archive/jeremiah-johnson-movie-review,https://rewindzone.com/jeremiah-johnson-movie-review/,301
https://taleventry.com/archive/jodie-foster-memoir-of-a-hollywood-legend,https://rewindzone.com/jodie-foster-memoir-of-a-hollywood-legend/,301
https://taleventry.com/archive/jodie-foster-top-10-movies-ranked,https://rewindzone.com/jodie-foster-top-10-movies-ranked/,301
https://taleventry.com/archive/john-cazale-flawless-filmography,https://rewindzone.com/john-cazale-flawless-filmography/,301
https://taleventry.com/archive/john-flynns-top-10-movies-ranked,https://rewindzone.com/john-flynns-top-10-movies-ranked/,301
https://taleventry.com/archive/john-hurt-top-10-movies-ranked,https://rewindzone.com/john-hurt-top-10-movies-ranked/,301
https://taleventry.com/archive/john-sayles-top-10-movies,https://rewindzone.com/john-sayles-top-10-movies/,301
https://taleventry.com/archive/john-travolta-top-10-movies,https://rewindzone.com/john-travolta-top-10-movies/,301
https://taleventry.com/archive/john-wayne-rise-to-stardom,https://rewindzone.com/john-wayne-rise-to-stardom/,301
https://taleventry.com/archive/kalifornia-a-hidden-gem-in-the-90s-thriller-genre,https://rewindzone.com/kalifornia-a-hidden-gem-in-the-90s-thriller-genre/,301
https://taleventry.com/archive/kathryn-bigelows-top-10-movies,https://rewindzone.com/kathryn-bigelows-top-10-movies/,301
https://taleventry.com/archive/kevin-spaceys-best-movies-and-his-most-memorable-roles,https://rewindzone.com/kevin-spaceys-best-movies-and-his-most-memorable-roles/,301
https://taleventry.com/archive/king-kong-1976,https://rewindzone.com/king-kong-1976/,301
https://taleventry.com/archive/klute-1971-cast-then-and-now,https://rewindzone.com/klute-1971-cast-then-and-now/,301
https://taleventry.com/archive/klute-1971-the-thriller-that-redefined-jane-fondas-career,https://rewindzone.com/klute-1971-the-thriller-that-redefined-jane-fondas-career/,301
https://taleventry.com/archive/last-of-the-dogmen-under-rated-berenger-classic,https://rewindzone.com/last-of-the-dogmen-under-rated-berenger-classic/,301
https://taleventry.com/archive/leland-orsers-top-10-movies-ranked,https://rewindzone.com/leland-orsers-top-10-movies-ranked/,301
https://taleventry.com/archive/linda-fiorentino-best-performances-ranked,https://rewindzone.com/linda-fiorentino-best-performances-ranked/,301
https://taleventry.com/archive/linda-hamiltons-40-year-hollywood-journey-a-career-retrospective,https://rewindzone.com/linda-hamiltons-40-year-hollywood-journey-a-career-retrospective/,301
https://taleventry.com/archive/little-big-man-1970-then-and-now,https://rewindzone.com/little-big-man-1970-then-and-now/,301
https://taleventry.com/archive/lone-star-1996-cast-then-now,https://rewindzone.com/lone-star-1996-cast-then-now/,301
https://taleventry.com/archive/lone-star-review-unraveling-sayles-american-tapestry,https://rewindzone.com/lone-star-review-unraveling-sayles-american-tapestry/,301
https://taleventry.com/archive/lucas-1986-a-forgotten-gem-of-a-movie,https://rewindzone.com/lucas-1986-a-forgotten-gem-of-a-movie/,301
https://taleventry.com/archive/martin-balsam-top-15-films-ranked,https://rewindzone.com/martin-balsam-top-15-films-ranked/,301
https://taleventry.com/archive/martin-sheen-best-movies,https://rewindzone.com/martin-sheen-best-movies/,301
https://taleventry.com/archive/mccabe-mrs-miller-1971,https://rewindzone.com/mccabe-mrs-miller-1971/,301
https://taleventry.com/archive/meg-ryans-top-10-movies-ranked,https://rewindzone.com/meg-ryans-top-10-movies-ranked/,301
https://taleventry.com/archive/melodies-in-motion-famous-musicians-who-brought-films-to-life,https://rewindzone.com/melodies-in-motion-famous-musicians-who-brought-films-to-life/,301
https://taleventry.com/archive/michael-jeters-top-10-movies,https://rewindzone.com/michael-jeters-top-10-movies/,301
https://taleventry.com/archive/michael-schoeffling-today-what-we-know-reclusive-sixteen-candles-star,https://rewindzone.com/michael-schoeffling-today-what-we-know-reclusive-sixteen-candles-star/,301
https://taleventry.com/archive/michelle-pfeiffers-iconic-portrayal-as-catwoman,https://rewindzone.com/michelle-pfeiffers-iconic-portrayal-as-catwoman/,301
https://taleventry.com/archive/minority-report-2002-cast-then-vs-now,https://rewindzone.com/minority-report-2002-cast-then-vs-now/,301
https://taleventry.com/archive/mississippi-burning-cast-where-are-they-now,https://rewindzone.com/mississippi-burning-cast-where-are-they-now/,301
https://taleventry.com/archive/most-unsettling-movie-soundtracks-from-the-1970s,https://rewindzone.com/most-unsettling-movie-soundtracks-from-the-1970s/,301
https://taleventry.com/archive/movie-gems-top-80s-horror-films-loved-by-reddit,https://rewindzone.com/movie-gems-top-80s-horror-films-loved-by-reddit/,301
https://taleventry.com/archive/movie-songs-that-topped-the-charts-the-ultimate-uk-us-guide,https://rewindzone.com/movie-songs-that-topped-the-charts-the-ultimate-uk-us-guide/,301
https://taleventry.com/archive/movie-stars-famous-parents-60s-90s,https://rewindzone.com/movie-stars-famous-parents-60s-90s/,301
https://taleventry.com/archive/movie-streaming-platforms-you-may-not-know-about,https://rewindzone.com/movie-streaming-platforms-you-may-not-know-about/,301
https://taleventry.com/archive/movie-streaming-platforms-you-may-not-know-about-in-2025,https://rewindzone.com/movie-streaming-platforms-you-may-not-know-about-in-2025/,301
https://taleventry.com/archive/movies-are-english-films-dead-at-cannes,https://rewindzone.com/movies-are-english-films-dead-at-cannes/,301
https://taleventry.com/archive/movies-uncovered-striptease-1996-failing-to-deliver-powerful-messages,https://rewindzone.com/movies-uncovered-striptease-1996-failing-to-deliver-powerful-messages/,301
https://taleventry.com/archive/must-watch-films-for-fathers-and-sons,https://rewindzone.com/must-watch-films-for-fathers-and-sons/,301
https://taleventry.com/archive/my-cousin-vinny-cast-then-and-now,https://rewindzone.com/my-cousin-vinny-cast-then-and-now/,301
https://taleventry.com/archive/neo-noir-a-journey-through-cinemas-shadowy-underbelly-from-the-70s-to-today,https://rewindzone.com/neo-noir-a-journey-through-cinemas-shadowy-underbelly-from-the-70s-to-today/,301
https://taleventry.com/archive/nicolas-roegs-10-best-films,https://rewindzone.com/nicolas-roegs-10-best-films/,301
https://taleventry.com/archive/night-moves-1975-cast-then-and-now,https://rewindzone.com/night-moves-1975-cast-then-and-now/,301
https://taleventry.com/archive/ordinary-people-beat-raging-bull,https://rewindzone.com/ordinary-people-beat-raging-bull/,301
https://taleventry.com/archive/overlooked-70s-movies,https://rewindzone.com/overlooked-70s-movies/,301
https://taleventry.com/archive/overlooked-90s-movies,https://rewindzone.com/overlooked-90s-movies/,301
https://taleventry.com/archive/pale-rider-cast-then-and-now-in-2024,https://rewindzone.com/pale-rider-cast-then-and-now-in-2024/,301
https://taleventry.com/archive/part-2-30-timeless-films-from-the-80s-and-90s-to-watch-with-your-kids,https://rewindzone.com/part-2-30-timeless-films-from-the-80s-and-90s-to-watch-with-your-kids/,301
https://taleventry.com/archive/paul-giamattis-top-10-movies-ranked,https://rewindzone.com/paul-giamattis-top-10-movies-ranked/,301
https://taleventry.com/archive/paul-gleason-80s-villain-legacy-breakfast-club-die-hard,https://rewindzone.com/paul-gleason-80s-villain-legacy-breakfast-club-die-hard/,301
https://taleventry.com/archive/platoon-cast-then-and-now,https://rewindzone.com/platoon-cast-then-and-now/,301
https://taleventry.com/archive/pluto-movies-june-2023,https://rewindzone.com/pluto-movies-june-2023/,301
https://taleventry.com/archive/pluto-tv-classic-films-july-2023,https://rewindzone.com/pluto-tv-classic-films-july-2023/,301
https://taleventry.com/archive/practical-effects-golden-age-movie-magic-lost,https://rewindzone.com/practical-effects-golden-age-movie-magic-lost/,301
https://taleventry.com/archive/quiz-show-1994-cast-then-and-now,https://rewindzone.com/quiz-show-1994-cast-then-and-now/,301
https://taleventry.com/archive/randy-quaids-most-iconic-roles-ranked,https://rewindzone.com/randy-quaids-most-iconic-roles-ranked/,301
https://taleventry.com/archive/real-genius-1985-cast-then-and-now,https://rewindzone.com/real-genius-1985-cast-then-and-now/,301
https://taleventry.com/archive/remembering-the-cowboys-john-waynes-surprising-1972-western,https://rewindzone.com/remembering-the-cowboys-john-waynes-surprising-1972-western/,301
https://taleventry.com/archive/repo-man-1984-movie-trivia,https://rewindzone.com/repo-man-1984-movie-trivia/,301
https://taleventry.com/archive/review-i-legend1985,https://rewindzone.com/review-i-legend1985/,301
https://taleventry.com/archive/review-near-dark-1987,https://rewindzone.com/review-near-dark-1987/,301
https://taleventry.com/archive/review-white-men-cant-jump-1992,https://rewindzone.com/review-white-men-cant-jump-1992/,301
https://taleventry.com/archive/revisiting-robocop-1987,https://rewindzone.com/revisiting-robocop-1987/,301
https://taleventry.com/archive/richard-attenborough-top-10-essential-movie-performances,https://rewindzone.com/richard-attenborough-top-10-essential-movie-performances/,301
https://taleventry.com/archive/richard-attenboroughs-top-10-essential-films-as-a-director,https://rewindzone.com/richard-attenboroughs-top-10-essential-films-as-a-director/,301
https://taleventry.com/archive/richard-farnsworth-top-10-performances,https://rewindzone.com/richard-farnsworth-top-10-performances/,301
https://taleventry.com/archive/road-house-1989-cast-then-and-now,https://rewindzone.com/road-house-1989-cast-then-and-now/,301
https://taleventry.com/archive/road-house-2024-cult-classic-defamed,https://rewindzone.com/road-house-2024-cult-classic-defamed/,301
https://taleventry.com/archive/robert-de-niro-in-the-spotlight-career-scorsese-and-trump,https://rewindzone.com/robert-de-niro-in-the-spotlight-career-scorsese-and-trump/,301
https://taleventry.com/archive/robert-redfords-directorial-masterpieces-all-films-ranked,https://rewindzone.com/robert-redfords-directorial-masterpieces-all-films-ranked/,301
https://taleventry.com/archive/robin-williams-ai-deepfakes-sora-2-zelda,https://rewindzone.com/robin-williams-ai-deepfakes-sora-2-zelda/,301
https://taleventry.com/archive/robin-williams-top-10-movies,https://rewindzone.com/robin-williams-top-10-movies/,301
https://taleventry.com/archive/robocop-1987-cast-updated,https://rewindzone.com/robocop-1987-cast-updated/,301
https://taleventry.com/archive/rosie-perez-top-10-movies-ranked,https://rewindzone.com/rosie-perez-top-10-movies-ranked/,301
https://taleventry.com/archive/runaway-train-1985-cast-then-and-now,https://rewindzone.com/runaway-train-1985-cast-then-and-now/,301
https://taleventry.com/archive/sam-rockwells-favourite-roles-a-journey-through-cinemas-most-memorable-characters,https://rewindzone.com/sam-rockwells-favourite-roles-a-journey-through-cinemas-most-memorable-characters/,301
https://taleventry.com/archive/sarah-holcomb-animal-house-caddyshack-vanished,https://rewindzone.com/sarah-holcomb-animal-house-caddyshack-vanished/,301
https://taleventry.com/archive/scrooged-cast-then-and-now-bill-murray-christmas-classic,https://rewindzone.com/scrooged-cast-then-and-now-bill-murray-christmas-classic/,301
https://taleventry.com/archive/se7en-1995-where-are-they-today,https://rewindzone.com/se7en-1995-where-are-they-today/,301
https://taleventry.com/archive/sex-drugs-and-debauchery-lesser-known-wild-movies-of-the-70s-90s,https://rewindzone.com/sex-drugs-and-debauchery-lesser-known-wild-movies-of-the-70s-90s/,301
https://taleventry.com/archive/silkwood-cast-then-and-now,https://rewindzone.com/silkwood-cast-then-and-now/,301
https://taleventry.com/archive/silverado-1985-what-happened-to-the-cast,https://rewindzone.com/silverado-1985-what-happened-to-the-cast/,301
https://taleventry.com/archive/starship-troopers-cast-then-and-now,https://rewindzone.com/starship-troopers-cast-then-and-now/,301
https://taleventry.com/archive/stephen-norrington-blade-director-what-happened,https://rewindzone.com/stephen-norrington-blade-director-what-happened/,301
https://taleventry.com/archive/steve-martin-movies-15-greatest-films-ranked-from-worst-to-best,https://rewindzone.com/steve-martin-movies-15-greatest-films-ranked-from-worst-to-best/,301
https://taleventry.com/archive/street-fighter-1994-cast-then-vs-now-2025-update,https://rewindzone.com/street-fighter-1994-cast-then-vs-now-2025-update/,301
https://taleventry.com/archive/the-15-best-michelle-pfeiffer-movies-ranked,https://rewindzone.com/the-15-best-michelle-pfeiffer-movies-ranked/,301
https://taleventry.com/archive/the-25-most-timeless-romances-from-the-1990s,https://rewindzone.com/the-25-most-timeless-romances-from-the-1990s/,301
https://taleventry.com/archive/the-abyss-1989-why-it-took-35-years-to-get-some-love,https://rewindzone.com/the-abyss-1989-why-it-took-35-years-to-get-some-love/,301
https://taleventry.com/archive/the-adventures-of-buckaroo-banzai-1984-cast-then-vs-now-from-box-office-flop-to-sci-fi-cult-classic,https://rewindzone.com/the-adventures-of-buckaroo-banzai-1984-cast-then-vs-now-from-box-office-flop-to-sci-fi-cult-classic/,301
https://taleventry.com/archive/the-art-of-the-opening-shot-memorable-first-frames-that-hooked-viewers-1980-2000,https://rewindzone.com/the-art-of-the-opening-shot-memorable-first-frames-that-hooked-viewers-1980-2000/,301
https://taleventry.com/archive/the-bad-news-bears-1976-cast-then-and-now-what-happened-after-49-years,https://rewindzone.com/the-bad-news-bears-1976-cast-then-and-now-what-happened-after-49-years/,301
https://taleventry.com/archive/the-battle-of-the-cowboys-costner-vs-mortensen,https://rewindzone.com/the-battle-of-the-cowboys-costner-vs-mortensen/,301
https://taleventry.com/archive/the-best-80s-movies-to-watch-on-date-night,https://rewindzone.com/the-best-80s-movies-to-watch-on-date-night/,301
https://taleventry.com/archive/the-best-and-worst-of-movie-remakes,https://rewindzone.com/the-best-and-worst-of-movie-remakes/,301
https://taleventry.com/archive/the-best-comedy-movies-from-the-90s,https://rewindzone.com/the-best-comedy-movies-from-the-90s/,301
https://taleventry.com/archive/the-best-debut-feature-films-by-directors-who-went-on-to-be-great,https://rewindzone.com/the-best-debut-feature-films-by-directors-who-went-on-to-be-great/,301
https://taleventry.com/archive/the-best-movies-of-barbra-streisand-a-tribute-to-a-legendary-talent,https://rewindzone.com/the-best-movies-of-barbra-streisand-a-tribute-to-a-legendary-talent/,301
https://taleventry.com/archive/the-best-movies-set-in-the-ocean,https://rewindzone.com/the-best-movies-set-in-the-ocean/,301
https://taleventry.com/archive/the-best-slasher-movies-from-1970-2000-ranked,https://rewindzone.com/the-best-slasher-movies-from-1970-2000-ranked/,301
https://taleventry.com/archive/the-best-western-films-voted-by-reddit-users-through-the-decades,https://rewindzone.com/the-best-western-films-voted-by-reddit-users-through-the-decades/,301
https://taleventry.com/archive/the-birth-of-the-disaster-genre-a-look-back-at-the-1970s-disaster-epics,https://rewindzone.com/the-birth-of-the-disaster-genre-a-look-back-at-the-1970s-disaster-epics/,301
https://taleventry.com/archive/the-brat-pack-returns-in-andrew-mccarthys-new-documentary-brats,https://rewindzone.com/the-brat-pack-returns-in-andrew-mccarthys-new-documentary-brats/,301
https://taleventry.com/archive/the-cast-of-1989-sea-of-love-cast-updated-for-you-in-2023,https://rewindzone.com/the-cast-of-1989-sea-of-love-cast-updated-for-you-in-2023/,301
https://taleventry.com/archive/the-cast-of-lonesome-dove-then-and-now,https://rewindzone.com/the-cast-of-lonesome-dove-then-and-now/,301
https://taleventry.com/archive/the-cowboys-1972-a-film-review-rewind-zone,https://rewindzone.com/the-cowboys-1972-a-film-review-rewind-zone/,301
https://taleventry.com/archive/the-crow-1994-then-and-now,https://rewindzone.com/the-crow-1994-then-and-now/,301
https://taleventry.com/archive/the-crow-from-unimaginable-tragedy-an-icon-was-born,https://rewindzone.com/the-crow-from-unimaginable-tragedy-an-icon-was-born/,301
https://taleventry.com/archive/the-driver-1978-cast-updated-in-2024,https://rewindzone.com/the-driver-1978-cast-updated-in-2024/,301
https://taleventry.com/archive/the-english-gentleman-who-became-hollywoods-monster-king-boris-karloffs-character-driven-legacy,https://rewindzone.com/the-english-gentleman-who-became-hollywoods-monster-king-boris-karloffs-character-driven-legacy/,301
https://taleventry.com/archive/the-epic-storytelling-and-cinematic-spectacle-of-john-milius,https://rewindzone.com/the-epic-storytelling-and-cinematic-spectacle-of-john-milius/,301
https://taleventry.com/archive/the-evolution-of-movie-genres,https://rewindzone.com/the-evolution-of-movie-genres/,301
https://taleventry.com/archive/the-french-connection-cast-then-and-now,https://rewindzone.com/the-french-connection-cast-then-and-now/,301
https://taleventry.com/archive/the-fugitive-cast-then-and-now,https://rewindzone.com/the-fugitive-cast-then-and-now/,301
https://taleventry.com/archive/the-golden-age-of-animation-exploring-the-best-90s-animated-movies,https://rewindzone.com/the-golden-age-of-animation-exploring-the-best-90s-animated-movies/,301
https://taleventry.com/archive/the-heavenly-kid-1985-cast-then-and-now,https://rewindzone.com/the-heavenly-kid-1985-cast-then-and-now/,301
https://taleventry.com/archive/the-hunt-for-red-october-a-timeless-thriller-that-still-captivates-audiences-today,https://rewindzone.com/the-hunt-for-red-october-a-timeless-thriller-that-still-captivates-audiences-today/,301
https://taleventry.com/archive/the-last-samurai-cast-then-vs-now-2025-update,https://rewindzone.com/the-last-samurai-cast-then-vs-now-2025-update/,301
https://taleventry.com/archive/the-long-riders-1980-cast-then-and-now,https://rewindzone.com/the-long-riders-1980-cast-then-and-now/,301
https://taleventry.com/archive/the-lost-art-of-celebrating-cinemas-spectacular-failures-why-we-need-the-stinkers-back,https://rewindzone.com/the-lost-art-of-celebrating-cinemas-spectacular-failures-why-we-need-the-stinkers-back/,301
https://taleventry.com/archive/the-lost-art-of-physical-filmmaking-how-cinema-became-untouchable,https://rewindzone.com/the-lost-art-of-physical-filmmaking-how-cinema-became-untouchable/,301
https://taleventry.com/archive/the-lost-boys-1987-best-quotes-from-the-movie,https://rewindzone.com/the-lost-boys-1987-best-quotes-from-the-movie/,301
https://taleventry.com/archive/the-lost-boys-cast-then-and-now,https://rewindzone.com/the-lost-boys-cast-then-and-now/,301
https://taleventry.com/archive/the-milagro-beanfield-war-1988-cast-then-and-now,https://rewindzone.com/the-milagro-beanfield-war-1988-cast-then-and-now/,301
https://taleventry.com/archive/the-milagro-beanfield-war-1988-still-matters,https://rewindzone.com/the-milagro-beanfield-war-1988-still-matters/,301
https://taleventry.com/archive/the-missouri-breaks-1976-cast-then-and-now,https://rewindzone.com/the-missouri-breaks-1976-cast-then-and-now/,301
https://taleventry.com/archive/the-money-pit-cast-then-and-now-where-are-the-stars-of-tom-hanks-slapstick-classic-today,https://rewindzone.com/the-money-pit-cast-then-and-now-where-are-the-stars-of-tom-hanks-slapstick-classic-today/,301
https://taleventry.com/archive/the-mountain-men-1980-cast-then-and-now,https://rewindzone.com/the-mountain-men-1980-cast-then-and-now/,301
https://taleventry.com/archive/the-mountain-men-1980-film-review,https://rewindzone.com/the-mountain-men-1980-film-review/,301
https://taleventry.com/archive/the-sweet-hereafter-1997-the-essential-explanation,https://rewindzone.com/the-sweet-hereafter-1997-the-essential-explanation/,301
https://taleventry.com/archive/the-unbreakable-bond-exploring-the-enduring-collaboration-between-steven-spielberg-and-tom-hanks,https://rewindzone.com/the-unbreakable-bond-exploring-the-enduring-collaboration-between-steven-spielberg-and-tom-hanks/,301
https://taleventry.com/archive/the-untold-influence-how-italian-cinema-revolutionised-hollywood,https://rewindzone.com/the-untold-influence-how-italian-cinema-revolutionised-hollywood/,301
https://taleventry.com/archive/the-walls-of-shawshank-a-tale-of-unfulfilled-hope,https://rewindzone.com/the-walls-of-shawshank-a-tale-of-unfulfilled-hope/,301
https://taleventry.com/archive/the-wild-bunch-1969-cast-then-and-now,https://rewindzone.com/the-wild-bunch-1969-cast-then-and-now/,301
https://taleventry.com/archive/then-and-now-the-legendary-cowboys-of-cowboys-1972,https://rewindzone.com/then-and-now-the-legendary-cowboys-of-cowboys-1972/,301
https://taleventry.com/archive/then-vs-now-the-cast-of-true-romance-1993-in-2025,https://rewindzone.com/then-vs-now-the-cast-of-true-romance-1993-in-2025/,301
https://taleventry.com/archive/thrashin-1986-cast-then-and-now,https://rewindzone.com/thrashin-1986-cast-then-and-now/,301
https://taleventry.com/archive/time-capsule-cinema-films-that-perfectly-captured-the-1970s-part-1-of-3,https://rewindzone.com/time-capsule-cinema-films-that-perfectly-captured-the-1970s-part-1-of-3/,301
https://taleventry.com/archive/time-capsule-cinema-films-that-perfectly-captured-the-1980s-part-2-of-3,https://rewindzone.com/time-capsule-cinema-films-that-perfectly-captured-the-1980s-part-2-of-3/,301
https://taleventry.com/archive/time-capsule-films-of-the-1990s,https://rewindzone.com/time-capsule-films-of-the-1990s/,301
https://taleventry.com/archive/tom-cruise-top-10-films,https://rewindzone.com/tom-cruise-top-10-films/,301
https://taleventry.com/archive/tombstone-cast-then-and-now,https://rewindzone.com/tombstone-cast-then-and-now/,301
https://taleventry.com/archive/tombstone-film-facts,https://rewindzone.com/tombstone-film-facts/,301
https://taleventry.com/archive/tommy-lee-jones-top-15-movies-ranked,https://rewindzone.com/tommy-lee-jones-top-15-movies-ranked/,301
https://taleventry.com/archive/top-10-80s-underrated-movies,https://rewindzone.com/top-10-80s-underrated-movies/,301
https://taleventry.com/archive/top-10-best-movies-with-will-geer,https://rewindzone.com/top-10-best-movies-with-will-geer/,301
https://taleventry.com/archive/top-10-easter-movies-for-a-fun-holiday-viewing,https://rewindzone.com/top-10-easter-movies-for-a-fun-holiday-viewing/,301
https://taleventry.com/archive/top-10-underrated-80s-films,https://rewindzone.com/top-10-underrated-80s-films/,301
https://taleventry.com/archive/top-10-video-nasties-that-gave-britain-the-chills,https://rewindzone.com/top-10-video-nasties-that-gave-britain-the-chills/,301
https://taleventry.com/archive/top-15-must-see-asian-action-movies-of-the-1970s-1980s,https://rewindzone.com/top-15-must-see-asian-action-movies-of-the-1970s-1980s/,301
https://taleventry.com/archive/towering-inferno-1974-cast-then-and-now,https://rewindzone.com/towering-inferno-1974-cast-then-and-now/,301
https://taleventry.com/archive/tremors-1990,https://rewindzone.com/tremors-1990/,301
https://taleventry.com/archive/true-grit-1969-revisiting-a-classic-western,https://rewindzone.com/true-grit-1969-revisiting-a-classic-western/,301
https://taleventry.com/archive/twister-1996-cast-then-and-now,https://rewindzone.com/twister-1996-cast-then-and-now/,301
https://taleventry.com/archive/twister-1996-secrets-behind-the-storm,https://rewindzone.com/twister-1996-secrets-behind-the-storm/,301
https://taleventry.com/archive/underrated-70s-movies-30-hidden-gems-you-need-to-watch,https://rewindzone.com/underrated-70s-movies-30-hidden-gems-you-need-to-watch/,301
https://taleventry.com/archive/underrated-90s-movies-voted-by-reddit-users,https://rewindzone.com/underrated-90s-movies-voted-by-reddit-users/,301
https://taleventry.com/archive/underrated-movies-from-the-1990s-35-hidden-gems,https://rewindzone.com/underrated-movies-from-the-1990s-35-hidden-gems/,301
https://taleventry.com/archive/understanding-the-story-behind-round-here-by-counting-crows,https://rewindzone.com/understanding-the-story-behind-round-here-by-counting-crows/,301
https://taleventry.com/archive/unforgiven-revisited,https://rewindzone.com/unforgiven-revisited/,301
https://taleventry.com/archive/unveiling-the-timeless-classic-terms-of-endearment-1983,https://rewindzone.com/unveiling-the-timeless-classic-terms-of-endearment-1983/,301
https://taleventry.com/archive/unveiling-the-underrated-gem-marlon-brandos-one-eyed-jacks-1961,https://rewindzone.com/unveiling-the-underrated-gem-marlon-brandos-one-eyed-jacks-1961/,301
https://taleventry.com/archive/val-kilmers-top-10-movies-remembering-an-icon-1959-2025,https://rewindzone.com/val-kilmers-top-10-movies-remembering-an-icon-1959-2025/,301
https://taleventry.com/archive/vision-quest-1985-where-are-they-now,https://rewindzone.com/vision-quest-1985-where-are-they-now/,301
https://taleventry.com/archive/walter-hills-the-driver-1978-the-birth-of-a-hollywood-legend-2,https://rewindzone.com/walter-hills-the-driver-1978-the-birth-of-a-hollywood-legend-2/,301
https://taleventry.com/archive/walter-hills-top-10-movies-ranked-masterpieces-of-gritt,https://rewindzone.com/walter-hills-top-10-movies-ranked-masterpieces-of-gritt/,301
https://taleventry.com/archive/warriors-accidentally-created-modern-gaming,https://rewindzone.com/warriors-accidentally-created-modern-gaming/,301
https://taleventry.com/archive/warriors-controversy-to-cult-legend,https://rewindzone.com/warriors-controversy-to-cult-legend/,301
https://taleventry.com/archive/westerns-to-get-you-hooked,https://rewindzone.com/westerns-to-get-you-hooked/,301
https://taleventry.com/archive/what-happened-jaye-davidson-crying-game,https://rewindzone.com/what-happened-jaye-davidson-crying-game/,301
https://taleventry.com/archive/what-happened-linda-fiorentino,https://rewindzone.com/what-happened-linda-fiorentino/,301
https://taleventry.com/archive/what-happened-to-adrienne-king-friday-the-13th-and-stalker-nightmare,https://rewindzone.com/what-happened-to-adrienne-king-friday-the-13th-and-stalker-nightmare/,301
https://taleventry.com/archive/what-happened-to-anita-skinner,https://rewindzone.com/what-happened-to-anita-skinner/,301
https://taleventry.com/archive/what-happened-to-child-star-brad-renfro,https://rewindzone.com/what-happened-to-child-star-brad-renfro/,301
https://taleventry.com/archive/what-happened-to-clive-owen,https://rewindzone.com/what-happened-to-clive-owen/,301
https://taleventry.com/archive/what-happened-to-daryl-hannah,https://rewindzone.com/what-happened-to-daryl-hannah/,301
https://taleventry.com/archive/what-happened-to-elizabeth-pena-the-vibrant-star-of-lonestar-la-bamba-remembered,https://rewindzone.com/what-happened-to-elizabeth-pena-the-vibrant-star-of-lonestar-la-bamba-remembered/,301
https://taleventry.com/archive/what-happened-to-helen-slater,https://rewindzone.com/what-happened-to-helen-slater/,301
https://taleventry.com/archive/what-happened-to-jan-michael-vincent,https://rewindzone.com/what-happened-to-jan-michael-vincent/,301
https://taleventry.com/archive/what-happened-to-jerry-supiran-13-years-after-the-homeless-headlines,https://rewindzone.com/what-happened-to-jerry-supiran-13-years-after-the-homeless-headlines/,301
https://taleventry.com/archive/what-happened-to-kerri-green-goonies-actress,https://rewindzone.com/what-happened-to-kerri-green-goonies-actress/,301
https://taleventry.com/archive/what-happened-to-lisa-baur-from-animal-house,https://rewindzone.com/what-happened-to-lisa-baur-from-animal-house/,301
https://taleventry.com/archive/what-happened-to-lori-singer,https://rewindzone.com/what-happened-to-lori-singer/,301
https://taleventry.com/archive/what-happened-to-martha-smith-the-animal-house-star-who-built-five-careers-and-never-apologised,https://rewindzone.com/what-happened-to-martha-smith-the-animal-house-star-who-built-five-careers-and-never-apologised/,301
https://taleventry.com/archive/what-happened-to-michele-carey-el-dorado-actress,https://rewindzone.com/what-happened-to-michele-carey-el-dorado-actress/,301
https://taleventry.com/archive/what-happened-to-michelle-meyrink-the-real-genius-star-who-walked-away-from-hollywood,https://rewindzone.com/what-happened-to-michelle-meyrink-the-real-genius-star-who-walked-away-from-hollywood/,301
https://taleventry.com/archive/what-happened-to-orion-pictures,https://rewindzone.com/what-happened-to-orion-pictures/,301
https://taleventry.com/archive/what-happened-to-pale-rider-actress-sydney-penny,https://rewindzone.com/what-happened-to-pale-rider-actress-sydney-penny/,301
https://taleventry.com/archive/what-happened-to-peter-weller-robocop-star-in-2026,https://rewindzone.com/what-happened-to-peter-weller-robocop-star-in-2026/,301
https://taleventry.com/archive/what-happened-to-poltergeists-jobeth-williams,https://rewindzone.com/what-happened-to-poltergeists-jobeth-williams/,301
https://taleventry.com/archive/what-happened-to-sean-young,https://rewindzone.com/what-happened-to-sean-young/,301
https://taleventry.com/archive/what-happened-to-spaceballs-princess-vespa-daphne-zuniga,https://rewindzone.com/what-happened-to-spaceballs-princess-vespa-daphne-zuniga/,301
https://taleventry.com/archive/what-happened-to-tangerine-dream-the-band-hollywood-couldnt-kill,https://rewindzone.com/what-happened-to-tangerine-dream-the-band-hollywood-couldnt-kill/,301
https://taleventry.com/archive/what-happened-to-the-cast-of-caddyshack,https://rewindzone.com/what-happened-to-the-cast-of-caddyshack/,301
https://taleventry.com/archive/what-happened-to-the-cast-of-next-of-kin-1989,https://rewindzone.com/what-happened-to-the-cast-of-next-of-kin-1989/,301
https://taleventry.com/archive/what-happened-to-the-schofield-kid-jaimz-woolvett,https://rewindzone.com/what-happened-to-the-schofield-kid-jaimz-woolvett/,301
https://taleventry.com/archive/what-happened-to-vestron-pictures,https://rewindzone.com/what-happened-to-vestron-pictures/,301
https://taleventry.com/archive/what-happened-to-wiley-wiggins,https://rewindzone.com/what-happened-to-wiley-wiggins/,301
https://taleventry.com/archive/what-happened-to-working-girl-star-melanie-griffith,https://rewindzone.com/what-happened-to-working-girl-star-melanie-griffith/,301
https://taleventry.com/archive/what-the-cast-of-unforgiven-look-like-now,https://rewindzone.com/what-the-cast-of-unforgiven-look-like-now/,301
https://taleventry.com/archive/whatever-happened-to-the-shining-actress-shelley-duvall,https://rewindzone.com/whatever-happened-to-the-shining-actress-shelley-duvall/,301
https://taleventry.com/archive/whatever-happened-to-tremors-actress-finn-carter,https://rewindzone.com/whatever-happened-to-tremors-actress-finn-carter/,301
https://taleventry.com/archive/white-men-cant-jump-1992-then-and-now-2,https://rewindzone.com/white-men-cant-jump-1992-then-and-now-2/,301
https://taleventry.com/archive/white-men-cant-jump-a-slam-dunk-of-trivia-and-nostalgia,https://rewindzone.com/white-men-cant-jump-a-slam-dunk-of-trivia-and-nostalgia/,301
https://taleventry.com/archive/who-gets-to-rewrite-the-dead-adaptation-ethics,https://rewindzone.com/who-gets-to-rewrite-the-dead-adaptation-ethics/,301
https://taleventry.com/archive/why-90s-movies-are-just-better-for-us-oldies,https://rewindzone.com/why-90s-movies-are-just-better-for-us-oldies/,301
https://taleventry.com/archive/why-do-my-kids-choose-home-alone-over-netflix-the-golden-era-of-christmas-films-1984-1999-and-why-nothing-since-compares,https://rewindzone.com/why-do-my-kids-choose-home-alone-over-netflix-the-golden-era-of-christmas-films-1984-1999-and-why-nothing-since-compares/,301
https://taleventry.com/archive/why-karate-kid-became-immortal,https://rewindzone.com/why-karate-kid-became-immortal/,301
https://taleventry.com/archive/william-friedkins-top-15-films-ranked,https://rewindzone.com/william-friedkins-top-15-films-ranked/,301
https://taleventry.com/archive/wyatt-earp-cast-then-and-now,https://rewindzone.com/wyatt-earp-cast-then-and-now/,301
https://taleventry.com/archive/young-guns-1988-an-edgy-western-classic,https://rewindzone.com/young-guns-1988-an-edgy-western-classic/,301
